Spørsmål;Beskrivelse;Liberal Liste;Sosialdemokratisk Liste;Studentlisten;Venstrealliansen
Det er viktig for studentene at nygårdshøyden blir bilfritt;Mesteparten av UiBs campus ligger på Nygårdshøyden, hvor det er mye biltrafikk, som kan være til bry for studenter og skape utslipp. Studentparlamentet har tidligere jobbet med å få en bilfri Nygårds-høyde, med unntak for studenter/ansatte med funksjonsnedsettelser, varelevering o.l. ;2;1;2;1
Det skal være obligatorisk oppmøte i flere seminarer og forelesninger;Flere har tatt til orde for å gjøre seminarundervisning obligatorisk i alle emner, for å få flere på campus. Andre mener at det vil føre til mer tvang i en trang studiehverdag og øker presset på lesesalsplasser.;-2;-2;1;-2
Sammens cafeer skal innføre kjøttfri dag en gang i uken;Sammen har i nyere tid begynt å tilby mer vegetarmat i sine kaféer og kantiner, men noen studenter mener at tilbudet ikke er godt nok. Det har vært diskutert om Sammen skal servere enda mer vegetar-mat, bl.a. av hensyn til klima og miljø.;-1;-1;1;2
Alle bibliotekene på UiB skal være døgnåpne;Studentparlamentet fikk i 2022 gjennomslag for at biblioteket for samfunnsfag, musikk og psykologi (SMP) skulle være døgnåpent i en prøveperiode, og etter dette har biblioteket fortsatt å være døgn-åpent i eksamensperioder. Men det er kostnader involvert.;2;1;2;1
Alle toalettene på campus skal være kjønnsnøytrale;Noen mener at å kun ha kjønnsnøytrale toaletter på campus vil kunne fremme et mer inklusivt universitet. Andre mener at det bør være et tilbud, men ikke standard. ;-1;-1;1;2
Man burde kunne søke om å få ekstra studiestøtte i form av mer lån;I dag er den maksimale studiestøtten i året på 166 859 kr, tilsvarende omtrent 1.3 G av grunnbeløpet i folketrygden. Noen partier har tidligere tatt til orde for at man skal kunne søke om mer studiestøtte i form av lån. Bakgrunnen er at studielån er et mye mer gunstig lån enn forbrukslån. ;2;-2;-2;-1
Det skal være kjønnskvotering på UiB-studier hvor ett kjønn dominerer studentmassen;Kjønnskvotering på studieprogram betyr at det er satt av et antall plasser for studenter av et kjønn, for å skape mer kjønnsbalanse i studiet. Andre har argumentert for at kjønn ikke skal være en faktor i tildeling av studieplasser. ;-2;-1;1;2
Alle UiB-emner skal være åpne for alle studenter;En del emner på UiB, f.eks. på medisin og juss, er kun åpne for enkelte studieprogram. Mer tverr-faglighet har vært en kampsak for mange i lang tid på universitetet. ;-1;1;1;1
Karakteren bestått/ikke bestått skal brukes på flere emner enn i dag;Man har lenge tatt til orde for å senke karakterpresset i utdanningsløpet, men vil det gå utover opptaket til videre utdanning eller senke presset for en bedre psykososial studiehverdag?;-1;-1;-2;1
Det må være lov å nyte alkohol i rom studentorganisasjoner disponerer på UiB;Det er ikke lov å ta med medbrakt alkohol i UiBs lokaler, og det er kun lov for studenter å servere og drikke alkohol på steder med skjenkebevilgning. Noen lister i Studentparlamentet har jobbet for at dette reglementet skal være løsere, særlig for studentorganisasjoner i sine klubblokaler.;2;1;2;-2
Man burde avskaffet skoleeksamen til fordel for mappeinnleveringer;En del emner på UiB har i dag mappeinnleveringer, hvor man typisk har flere forskjellige vurderinger gjennom et semester som samlet gir en karakter. Noen har tatt til orde for at man burde avskaffe skoleeksamener og heller brukt enda mer mappevurdering. ;2;1;-1;1
UiB må boikotte staten Israel;Som følge av krigen på Gaza-stripen har mange studenter og ansatte ved UiB tatt til ordet for en akademisk boikott av Israel, og at man ikke skal ha direkte samarbeid med israelske universiteter. ;1;1;2;2
Man skal prioritere mer penger til lavterskeltilbud innen psykisk helse, heller enn å øke antall psykologtimer Sammen tilbyr;Man har lenge tatt til orde for et utvidet psykisk helsetilbud i student-Bergen, men ressurser er begrenset og noen mener pengene er bedre anvendt i lavterskeltilbud enn i flere psykologtimer.;-1;-2;-1;1
Det er viktigere å jobbe for betalte praksisplasser, enn at det blir flere muligheter for praksis;Mange i studentdemokratiet har jobbet for at praksis skal bli en del av flere studieprogram på UiB. Andre har imidlertid ment at det ikke er andelen praksisplasser som er viktig, men at studenter får betalt for praksisen - de fleste praksisplassene i dag er ulønnet. ;-1;-1;1;1
Det bør bygges studentboliger i Arna;Det er manko på studentboliger i Bergen. Noen lokalpolitikere har foreslått at man kan bygge studentboliger i Arna, som ligger i utkanten av kommunen. Studentpolitikere i Bergen har vært kritiske, og har heller villet prioritere bygging av studentboliger nærmere sentrum. ;2;-1;1;-1
Studentkultur bør få en større del av semestermidlene, på bekostning av studentidretten;Studentparlamentet er med å bestemme fordelingen av semestermidlene, og må da være med å prioritere hvilke deler av studentfrivilligheten som skal få mest midler.;1;-1;1;-1
Det skal finnes en ordning der studenter gir en 'karakter' til forelesere og at dette er tilgjengelig offentlig;"Behovet for et nasjonalt karaktersystem for forelesere har vokst frem som et tiltak for kvalitetssikring. Selv om det finnes priser for ""årets foreleser"", gir disse kun et øyeblikksbilde av toppen. Utfordringen med et offentlig system ligger i balansen mellom legitim tilbakemelding og risikoen for usaklig sjikane i anonyme kanaler, noe som potensielt kan føre til at forelesere prioriterer underholdningsverdi over læringsutbytte.";-1;1;-1;-1
Semesteravgiften skal økes med 50,- i semesteret som en klimaavgift, som utelukkende skal gå til klimatiltak;Klimaendringene har en stor betydning på UiB og samfunnet. Å innføre en klimaavgift vil føre til direkte klimapolitiske løsninger som virker. Motstandere mener at kostanden i å øke semesteravgiften er for stor til studentene.;1;-2;-2;1
Det bør være et minstekrav på 4 i norsk for å kunne søke seg inn på lektorutdanningen;Noen mener norsk er et grunnleggende fag for alle som ønsker å bli lærer og derfor bør man kvalitetssikre kunnskapen. Andre mener at noen som har lavere karakter i norsk på vgs likevel kan bli en god lærer, og at dette ikke bør stoppe dem.;-1;1;-1;-2
UiB bør bruke mindre penger på å promotere seg for VGS elever, og mer penger på studentfrivilligheten;Nylig viste Studvest til at UiB brukte 700 000,- på et arrangement for å få elever på videregående skole til å søke seg inn på UiB. Er dette en god prioritering, eller kunne pengene vært bedre brukt på studentfrivilligehten ved UiB?;-1;-1;1;1
UiB burde vært reklamefinansiert;Debatten om reklame i offentlige rom fortsetter, og hvis UiB hadde vært reklamefinansiert kunne dette bidratt til økte midler til studentformål. De mot mener at reklame på offentlig plass er umoralsk og at det allerede er for mye reklame i hverdagen.;1;-2;-2;-2